



{
    "PrimaryData": [
        {
            "AIMatchTypeId": "2",
            "AccountingString": "none",
            "Amount in Doc Currency": "2839.95795",
            "Comments": "none",
            "Confidence": 0,
            "Doc Currency": "USD",
            "Owner": "null",
            "Ready for JE": 0,
            "Reasoning": {
                "CompanyName": "Regal",
                "OrderNo": "Ord89772",
                "ReferenceNo": ""
            },
            "ReconciledId": 2,
            "RefID_AI": "AIR-02",
            "Reference Invoice Number": "Regal Sup Premium-Ord89772",
            "Tag": "Unmatched"
        },
        {
            "AIMatchTypeId": "3",
            "AccountingString": "none",
            "Amount in Doc Currency": "18433.78",
            "Comments": "none",
            "Confidence": "0.9",
            "Doc Currency": "EUR",
            "Owner": "null",
            "Ready for JE": 0,
            "Reasoning": "none",
            "ReconciledId": 12,
            "RefID_AI": "AIR-10",
            "Reference Invoice Number": "ESPROV06NOV20170",
            "Tag": "Unmatched"
        },
        {
            "AIMatchTypeId": "2",
            "AccountingString": "none",
            "Amount in Doc Currency": "52955",
            "Comments": "none",
            "Confidence": 0,
            "Doc Currency": "EUR",
            "Owner": "null",
            "Ready for JE": 0,
            "Reasoning": {
                "CompanyName": "Acor",
                "OrderNo": "",
                "ReferenceNo": ""
            },
            "ReconciledId": 1,
            "RefID_AI": "AIR-01",
            "Reference Invoice Number": "Order 1234 - Acor",
            "Tag": "Unmatched"
        },
        {
            "AIMatchTypeId": "3",
            "AccountingString": "none",
            "Amount in Doc Currency": "67809.15",
            "Comments": "none",
            "Confidence": "0.9",
            "Doc Currency": "EUR",
            "Owner": "null",
            "Ready for JE": 0,
            "Reasoning": "none",
            "ReconciledId": 11,
            "RefID_AI": "AIR-10",
            "Reference Invoice Number": "ESPROV06NOV20170",
            "Tag": "Unmatched"
        },
        {
            "AIMatchTypeId": "2",
            "AccountingString": "none",
            "Amount in Doc Currency": "96415.05",
            "Comments": "none",
            "Confidence": 0,
            "Doc Currency": "EUR",
            "Owner": "null",
            "Ready for JE": 0,
            "Reasoning": {
                "CompanyName": "",
                "OrderNo": "",
                "ReferenceNo": "Ref007973630"
            },
            "ReconciledId": 3,
            "RefID_AI": "AIR-03",
            "Reference Invoice Number": "PRO Monthly TC - Ref007973630",
            "Tag": "Unmatched"
        },
        {
            "AIMatchTypeId": "1",
            "AccountingString": "none",
            "Amount in Doc Currency": "237574.29",
            "Comments": "none",
            "Confidence": "1.0",
            "Doc Currency": "EUR",
            "Owner": "null",
            "Ready for JE": 0,
            "Reasoning": "none",
            "ReconciledId": 8,
            "RefID_AI": "AIR-07",
            "Reference Invoice Number": "ESPROV06NOV20170",
            "Tag": "Unmatched"
        },
        {
            "AIMatchTypeId": "1",
            "AccountingString": "none",
            "Amount in Doc Currency": "492001.27",
            "Comments": "none",
            "Confidence": "1.0",
            "Doc Currency": "EUR",
            "Owner": "null",
            "Ready for JE": 0,
            "Reasoning": "none",
            "ReconciledId": 7,
            "RefID_AI": "AIR-06",
            "Reference Invoice Number": "ESPROV06NOV20170",
            "Tag": "Unmatched"
        },
        {
            "AIMatchTypeId": "1",
            "AccountingString": "none",
            "Amount in Doc Currency": "582572.75",
            "Comments": "none",
            "Confidence": "1.0",
            "Doc Currency": "EUR",
            "Owner": "null",
            "Ready for JE": 0,
            "Reasoning": "none",
            "ReconciledId": 10,
            "RefID_AI": "AIR-09",
            "Reference Invoice Number": "ESPROV06NOV20170",
            "Tag": "Unmatched"
        },
        {
            "AIMatchTypeId": "1",
            "AccountingString": "none",
            "Amount in Doc Currency": "1829564.1",
            "Comments": "none",
            "Confidence": "1.0",
            "Doc Currency": "EUR",
            "Owner": "null",
            "Ready for JE": 0,
            "Reasoning": "none",
            "ReconciledId": 9,
            "RefID_AI": "AIR-08",
            "Reference Invoice Number": "ESPROV06NOV20170",
            "Tag": "Unmatched"
        },
        {
            "AIMatchTypeId": "2",
            "AccountingString": "none",
            "Amount in Doc Currency": "2270250.96",
            "Comments": "none",
            "Confidence": 0,
            "Doc Currency": "EUR",
            "Owner": "null",
            "Ready for JE": 0,
            "Reasoning": {
                "CompanyName": "",
                "OrderNo": "",
                "ReferenceNo": "6304468482"
            },
            "ReconciledId": 4,
            "RefID_AI": "AIR-04",
            "Reference Invoice Number": "6304468483",
            "Tag": "Unmatched"
        },
        {
            "AIMatchTypeId": "2",
            "AccountingString": "none",
            "Amount in Doc Currency": "2615269.98",
            "Comments": "none",
            "Confidence": 0,
            "Doc Currency": "EUR",
            "Owner": "null",
            "Ready for JE": 0,
            "Reasoning": {
                "CompanyName": "",
                "OrderNo": "",
                "ReferenceNo": "6304468483"
            },
            "ReconciledId": 5,
            "RefID_AI": "AIR-05",
            "Reference Invoice Number": "6304468482",
            "Tag": "Unmatched"
        },
        {
            "AIMatchTypeId": "3",
            "AccountingString": "none",
            "Amount in Doc Currency": "8585468.66",
            "Comments": "none",
            "Confidence": "0.85",
            "Doc Currency": "EUR",
            "Owner": "null",
            "Ready for JE": 0,
            "Reasoning": "none",
            "ReconciledId": 6,
            "RefID_AI": "AIR-11",
            "Reference Invoice Number": "ESPROV06NOV20170",
            "Tag": "Unmatched"
        }
    ],
    "Rule": "((p.Reference Invoice Number <IN> s.Reference Invoice Number) <&&> (p.Doc Currency <IS> s.Doc Currency) <&&> (p.Amount in Doc Currency <==> s.Amount in Doc Currency))",
    "SecondaryData": [
        {
            "AIMatchTypeId": "2",
            "AccountingString": "none",
            "Amount in Doc Currency": "52955",
            "Comments": "none",
            "Confidence": 0,
            "Doc Currency": "EUR",
            "Owner": "null",
            "Ready for JE": 0,
            "Reasoning": {
                "CompanyName": "Acor",
                "OrderNo": "",
                "ReferenceNo": ""
            },
            "ReconciledId": 1123,
            "RefID_AI": "AIR-01",
            "Reference Invoice Number": "1234-Inv#bj303d1d - Acor",
            "Tag": "Unmatched"
        },
        {
            "AIMatchTypeId": "2",
            "AccountingString": "none",
            "Amount in Doc Currency": "2839.95795",
            "Comments": "none",
            "Confidence": 0,
            "Doc Currency": "USD",
            "Owner": "null",
            "Ready for JE": 0,
            "Reasoning": {
                "CompanyName": "Regal",
                "OrderNo": "Ord89772",
                "ReferenceNo": ""
            },
            "ReconciledId": 22,
            "RefID_AI": "AIR-02",
            "Reference Invoice Number": "Regal -Ord89772934308436",
            "Tag": "Unmatched"
        },
        {
            "AIMatchTypeId": "2",
            "AccountingString": "none",
            "Amount in Doc Currency": "96415.05",
            "Comments": "none",
            "Confidence": 0,
            "Doc Currency": "EUR",
            "Owner": "null",
            "Ready for JE": 0,
            "Reasoning": {
                "CompanyName": "",
                "OrderNo": "",
                "ReferenceNo": "Ref007973630"
            },
            "ReconciledId": 33,
            "RefID_AI": "AIR-03",
            "Reference Invoice Number": "TC -Jun Monthly - Ref797363",
            "Tag": "Unmatched"
        },
        {
            "AIMatchTypeId": "2",
            "AccountingString": "none",
            "Amount in Doc Currency": "2615269.98",
            "Comments": "none",
            "Confidence": 0,
            "Doc Currency": "EUR",
            "Owner": "null",
            "Ready for JE": 0,
            "Reasoning": {
                "CompanyName": "",
                "OrderNo": "",
                "ReferenceNo": "6304468483"
            },
            "ReconciledId": 44,
            "RefID_AI": "AIR-05",
            "Reference Invoice Number": "6304468482-8483",
            "Tag": "Unmatched"
        },
        {
            "AIMatchTypeId": "2",
            "AccountingString": "none",
            "Amount in Doc Currency": "2270250.96",
            "Comments": "none",
            "Confidence": 0,
            "Doc Currency": "EUR",
            "Owner": "null",
            "Ready for JE": 0,
            "Reasoning": {
                "CompanyName": "",
                "OrderNo": "",
                "ReferenceNo": "6304468482"
            },
            "ReconciledId": 55,
            "RefID_AI": "AIR-04",
            "Reference Invoice Number": "6304468482-8483",
            "Tag": "Unmatched"
        },
        {
            "AIMatchTypeId": "3",
            "AccountingString": "none",
            "Amount in Doc Currency": "3454260.99",
            "Comments": "none",
            "Confidence": "0.85",
            "Doc Currency": "EUR",
            "Owner": "null",
            "Ready for JE": 0,
            "Reasoning": "none",
            "ReconciledId": 66,
            "RefID_AI": "AIR-11",
            "Reference Invoice Number": "6305472286",
            "Tag": "Unmatched"
        },
        {
            "AIMatchTypeId": "3",
            "AccountingString": "none",
            "Amount in Doc Currency": "5640994.71",
            "Comments": "none",
            "Confidence": "0.85",
            "Doc Currency": "EUR",
            "Owner": "null",
            "Ready for JE": 0,
            "Reasoning": "none",
            "ReconciledId": 77,
            "RefID_AI": "AIR-11",
            "Reference Invoice Number": "6305530785",
            "Tag": "Unmatched"
        },
        {
            "AIMatchTypeId": "1",
            "AccountingString": "none",
            "Amount in Doc Currency": "1829564.1",
            "Comments": "none",
            "Confidence": "1.0",
            "Doc Currency": "EUR",
            "Owner": "null",
            "Ready for JE": 0,
            "Reasoning": "none",
            "ReconciledId": 88,
            "RefID_AI": "AIR-08",
            "Reference Invoice Number": "6305530786",
            "Tag": "Unmatched"
       },
        {
            "AIMatchTypeId": "1",
            "AccountingString": "none",
            "Amount in Doc Currency": "582572.75",
            "Comments": "none",
            "Confidence": "1.0",
            "Doc Currency": "EUR",
            "Owner": "null",
            "Ready for JE": 0,
            "Reasoning": "none",
            "ReconciledId": 99,
            "RefID_AI": "AIR-09",
            "Reference Invoice Number": "6305530787",
            "Tag": "Unmatched"
        },
       {
            "AIMatchTypeId": "1",
            "AccountingString": "none",
            "Amount in Doc Currency": "237574.29",
            "Comments": "none",
            "Confidence": "1.0",
            "Doc Currency": "EUR",
            "Owner": "null",
            "Ready for JE": 0,
            "Reasoning": "none",
            "ReconciledId": 100,
            "RefID_AI": "AIR-07",
            "Reference Invoice Number": "6305530788",
            "Tag": "Unmatched"
        },
        {
            "AIMatchTypeId": "1",
            "AccountingString": "none",
            "Amount in Doc Currency": "492001.27",
            "Comments": "none",
            "Confidence": "1.0",
            "Doc Currency": "EUR",
            "Owner": "null",
            "Ready for JE": 0,
            "Reasoning": "none",
            "ReconciledId": 111,
            "RefID_AI": "AIR-06",
            "Reference Invoice Number": "6305530789",
            "Tag": "Unmatched"
        },
        {
            "AIMatchTypeId": "3",
            "AccountingString": "none",
            "Amount in Doc Currency": "86242.93",
            "Comments": "none",
            "Confidence": "0.9",
            "Doc Currency": "EUR",
            "Owner": "null",
            "Ready for JE": 0,
            "Reasoning": "none",
            "ReconciledId": 122,
            "RefID_AI": "AIR-10",
            "Reference Invoice Number": "6305502665",
            "Tag": "Unmatched"
        }
    ]
}
