

{
    "PrimaryData": [
        {
            "AIMatchTypeId": "2",
            "AccountingString": "none",
            "Amount in Doc Currency": "2839.95795",
            "Comments": "none",
            "Confidence": 0,
            "Doc Currency": "USD",
            "Owner": "null",
            "Ready for JE": 0,
            "Reasoning": {
                "CompanyName": "Regal",
                "OrderNo": "Ord89772",
                "ReferenceNo": ""
            },
            "ReconciledId": 2,
            "RefID_AI": "AIR-02",
            "Reference Invoice Number": "Regal Sup Premium-Ord89772",
            "Tag": "Unmatched"
        },
        {
            "AIMatchTypeId": "3",
            "AccountingString": "none",
            "Amount in Doc Currency": "18433.78",
            "Comments": "none",
            "Confidence": "0.9",
            "Doc Currency": "EUR",
            "Owner": "null",
            "Ready for JE": 0,
            "Reasoning": "none",
            "ReconciledId": 12,
            "RefID_AI": "AIR-10",
            "Reference Invoice Number": "ESPROV06NOV20170",
            "Tag": "Unmatched"
        },
        {
            "AIMatchTypeId": "2",
            "AccountingString": "none",
            "Amount in Doc Currency": "52955",
            "Comments": "none",
            "Confidence": 0,
            "Doc Currency": "EUR",
            "Owner": "null",
            "Ready for JE": 0,
            "Reasoning": {
                "CompanyName": "Acor",
                "OrderNo": "",
                "ReferenceNo": ""
            },
            "ReconciledId": 1,
            "RefID_AI": "AIR-01",
            "Reference Invoice Number": "Order 1234 - Acor",
            "Tag": "Unmatched"
        },
        {
            "AIMatchTypeId": "3",
            "AccountingString": "none",
            "Amount in Doc Currency": "67809.15",
            "Comments": "none",
            "Confidence": "0.9",
            "Doc Currency": "EUR",
            "Owner": "null",
            "Ready for JE": 0,
            "Reasoning": "none",
            "ReconciledId": 11,
            "RefID_AI": "AIR-10",
            "Reference Invoice Number": "ESPROV06NOV20170",
            "Tag": "Unmatched"
        },
        {
            "AIMatchTypeId": "2",
            "AccountingString": "none",
            "Amount in Doc Currency": "96415.05",
            "Comments": "none",
            "Confidence": 0,
            "Doc Currency": "EUR",
            "Owner": "null",
            "Ready for JE": 0,
            "Reasoning": {
                "CompanyName": "",
                "OrderNo": "",
                "ReferenceNo": "Ref007973630"
            },
            "ReconciledId": 3,
            "RefID_AI": "AIR-03",
            "Reference Invoice Number": "PRO Monthly TC - Ref007973630",
            "Tag": "Unmatched"
        },
        {
            "AIMatchTypeId": "1",
            "AccountingString": "none",
            "Amount in Doc Currency": "237574.29",
            "Comments": "none",
            "Confidence": "1.0",
            "Doc Currency": "EUR",
            "Owner": "null",
            "Ready for JE": 0,
            "Reasoning": "none",
            "ReconciledId": 8,
            "RefID_AI": "AIR-07",
            "Reference Invoice Number": "ESPROV06NOV20170",
            "Tag": "Unmatched"
        },
        {
            "AIMatchTypeId": "1",
            "AccountingString": "none",
            "Amount in Doc Currency": "492001.27",
            "Comments": "none",
            "Confidence": "1.0",
            "Doc Currency": "EUR",
            "Owner": "null",
            "Ready for JE": 0,
            "Reasoning": "none",
            "ReconciledId": 7,
            "RefID_AI": "AIR-06",
            "Reference Invoice Number": "ESPROV06NOV20170",
            "Tag": "Unmatched"
        },
        {
            "AIMatchTypeId": "1",
            "AccountingString": "none",
            "Amount in Doc Currency": "582572.75",
            "Comments": "none",
            "Confidence": "1.0",
            "Doc Currency": "EUR",
            "Owner": "null",
            "Ready for JE": 0,
            "Reasoning": "none",
            "ReconciledId": 10,
            "RefID_AI": "AIR-09",
            "Reference Invoice Number": "ESPROV06NOV20170",
            "Tag": "Unmatched"
        },
        {
            "AIMatchTypeId": "1",
            "AccountingString": "none",
            "Amount in Doc Currency": "1829564.1",
            "Comments": "none",
            "Confidence": "1.0",
            "Doc Currency": "EUR",
            "Owner": "null",
            "Ready for JE": 0,
            "Reasoning": "none",
            "ReconciledId": 9,
            "RefID_AI": "AIR-08",
            "Reference Invoice Number": "ESPROV06NOV20170",
            "Tag": "Unmatched"
        },
        {
            "AIMatchTypeId": "2",
            "AccountingString": "none",
            "Amount in Doc Currency": "2270250.96",
            "Comments": "none",
            "Confidence": 0,
            "Doc Currency": "EUR",
            "Owner": "null",
            "Ready for JE": 0,
            "Reasoning": {
                "CompanyName": "",
                "OrderNo": "",
                "ReferenceNo": "6304468482"
            },
            "ReconciledId": 4,
            "RefID_AI": "AIR-04",
            "Reference Invoice Number": "6304468483",
            "Tag": "Unmatched"
        },
        {
            "AIMatchTypeId": "2",
            "AccountingString": "none",
            "Amount in Doc Currency": "2615269.98",
            "Comments": "none",
            "Confidence": 0,
            "Doc Currency": "EUR",
            "Owner": "null",
            "Ready for JE": 0,
            "Reasoning": {
                "CompanyName": "",
                "OrderNo": "",
                "ReferenceNo": "6304468483"
            },
            "ReconciledId": 5,
            "RefID_AI": "AIR-05",
            "Reference Invoice Number": "6304468482",
            "Tag": "Unmatched"
        },
        {
            "AIMatchTypeId": "3",
            "AccountingString": "none",
            "Amount in Doc Currency": "8585468.66",
            "Comments": "none",
            "Confidence": "0.85",
            "Doc Currency": "EUR",
            "Owner": "null",
            "Ready for JE": 0,
            "Reasoning": "none",
            "ReconciledId": 6,
            "RefID_AI": "AIR-11",
            "Reference Invoice Number": "ESPROV06NOV20170",
            "Tag": "Unmatched"
        }
    ],
    "Rule": {
        "Fields": {
            "Amount": "p.Amount in DC-Manual Credit,p.Amount in DC-Manual Debit,s.Amount in DC-Manual Credit,s.Amount in DC-Manual Debit",
            "Date": "p.Date,s.Date"
        },
        "Match_Category": {
            "Appx_Val_Match": {
                "OneToMany": 0,
                "OneToOne": 0
            },
            "Normal": {
                "OneToMany": 1,
                "OneToOne": 1
            },
            "Self_Match": {
                "OneToMany": 1,
                "OneToOne": 1
            }
        },
        "Matching_Taxonomy": {
            "Normal_OneToMany": {
                "Filter": "p.Reference Invoice Number,s.Reference Invoice Number"
            },
            "Normal_OneToOne": {
                "MatchingRules": [
                    {
                        "Order": 1,
                        "Rule": "(((((((p.AIMatchTypeId <IS> 3) <&&> (s.AIMatchTypeId <IS> 3)) <&&> (p.Reference Invoice Number <IN> s.Reference Invoice Number)) <&&> (p.DC-Manual <IS> s.DC-Manual)) <&&> ((p.Amount in DC-Manual Debit <==> s.Amount in DC-Manual Credit) <||> (p.Amount in DC-Manual Credit <==> s.Amount in DC-Manual Debit))) <RET> 1:DNC) <ASSIGNTO> p.AIMatchTypeId, s.AIMatchTypeId) <RET> 1:DNC) <ASSIGNTO> p.AIMatchTypeId, s.AIMatchTypeId)"
                    },
                    {
                        "Order": "",
                        "Rule": ""
                    },
                    {
                        "Order": "",
                        "Rule": ""
                    }
                ]
            },
            "SelfMatch_OneToMany": {
                "Filter": "p.Reference Invoice Number,s.Reference Invoice Number"
            },
            "SelfMatch_OneToOne": {
                "DataDuplicationRules": [
                    {
                        "Order": 1,
                        "Rule": "p.Data <COPYTO> c.Data"
                    }
                ],
                "MatchingRules": [
                    {
                        "Order": 1,
                        "Rule": "(((((p.AIMatchTypeId <IS> 3) <&&> (s.AIMatchTypeId <IS> 3)) <&&> ((p.Document Type <IS> s.Document Type) <&&> ((p.Amount in DC-Manual Debit <==> s.Amount in DC-Manual Credit) <||> (p.Amount in DC-Manual Credit <==> s.Amount in DC-Manual Debit)))) <RET> 1:DNC) <ASSIGNTO> p.AIMatchTypeId, s.AIMatchTypeId)"
                    }
                ]
            }
        }
    },
    "SecondaryData": [
        {
            "AIMatchTypeId": "2",
            "AccountingString": "none",
            "Amount in Doc Currency": "52955",
            "Comments": "none",
            "Confidence": 0,
            "Doc Currency": "EUR",
            "Owner": "null",
            "Ready for JE": 0,
            "Reasoning": {
                "CompanyName": "Acor",
                "OrderNo": "",
                "ReferenceNo": ""
            },
            "ReconciledId": 1,
            "RefID_AI": "AIR-01",
            "Reference Invoice Number": "1234-Inv#bj303d1d - Acor",
            "Tag": "Unmatched"
        },
        {
            "AIMatchTypeId": "2",
            "AccountingString": "none",
            "Amount in Doc Currency": "2839.95795",
            "Comments": "none",
            "Confidence": 0,
            "Doc Currency": "USD",
            "Owner": "null",
            "Ready for JE": 0,
            "Reasoning": {
                "CompanyName": "Regal",
                "OrderNo": "Ord89772",
                "ReferenceNo": ""
            },
            "ReconciledId": 2,
            "RefID_AI": "AIR-02",
            "Reference Invoice Number": "Regal -Ord89772934308436",
            "Tag": "Unmatched"
        },
        {
            "AIMatchTypeId": "2",
            "AccountingString": "none",
            "Amount in Doc Currency": "96415.05",
            "Comments": "none",
            "Confidence": 0,
            "Doc Currency": "EUR",
            "Owner": "null",
            "Ready for JE": 0,
            "Reasoning": {
                "CompanyName": "",
                "OrderNo": "",
                "ReferenceNo": "Ref007973630"
            },
            "ReconciledId": 3,
            "RefID_AI": "AIR-03",
            "Reference Invoice Number": "TC -Jun Monthly - Ref797363",
            "Tag": "Unmatched"
        },
        {
            "AIMatchTypeId": "2",
            "AccountingString": "none",
            "Amount in Doc Currency": "2615269.98",
            "Comments": "none",
            "Confidence": 0,
            "Doc Currency": "EUR",
            "Owner": "null",
            "Ready for JE": 0,
            "Reasoning": {
                "CompanyName": "",
                "OrderNo": "",
                "ReferenceNo": "6304468483"
            },
            "ReconciledId": 4,
            "RefID_AI": "AIR-05",
            "Reference Invoice Number": "6304468482-8483",
            "Tag": "Unmatched"
        },
        {
            "AIMatchTypeId": "2",
            "AccountingString": "none",
            "Amount in Doc Currency": "2270250.96",
            "Comments": "none",
            "Confidence": 0,
            "Doc Currency": "EUR",
            "Owner": "null",
            "Ready for JE": 0,
            "Reasoning": {
                "CompanyName": "",
                "OrderNo": "",
                "ReferenceNo": "6304468482"
            },
            "ReconciledId": 5,
            "RefID_AI": "AIR-04",
            "Reference Invoice Number": "6304468482-8483",
            "Tag": "Unmatched"
        },
        {
            "AIMatchTypeId": "3",
            "AccountingString": "none",
            "Amount in Doc Currency": "3454260.99",
            "Comments": "none",
            "Confidence": "0.85",
            "Doc Currency": "EUR",
            "Owner": "null",
            "Ready for JE": 0,
            "Reasoning": "none",
            "ReconciledId": 6,
            "RefID_AI": "AIR-11",
            "Reference Invoice Number": "6305472286",
            "Tag": "Unmatched"
        },
        {
            "AIMatchTypeId": "3",
            "AccountingString": "none",
            "Amount in Doc Currency": "5640994.71",
            "Comments": "none",
            "Confidence": "0.85",
            "Doc Currency": "EUR",
            "Owner": "null",
            "Ready for JE": 0,
            "Reasoning": "none",
            "ReconciledId": 7,
            "RefID_AI": "AIR-11",
            "Reference Invoice Number": "6305530785",
            "Tag": "Unmatched"
        },
        {
            "AIMatchTypeId": "1",
            "AccountingString": "none",
            "Amount in Doc Currency": "1829564.1",
            "Comments": "none",
            "Confidence": "1.0",
            "Doc Currency": "EUR",
            "Owner": "null",
            "Ready for JE": 0,
            "Reasoning": "none",
            "ReconciledId": 8,
            "RefID_AI": "AIR-08",
            "Reference Invoice Number": "6305530786",
            "Tag": "Unmatched"
       },
        {
            "AIMatchTypeId": "1",
            "AccountingString": "none",
            "Amount in Doc Currency": "582572.75",
            "Comments": "none",
            "Confidence": "1.0",
            "Doc Currency": "EUR",
            "Owner": "null",
            "Ready for JE": 0,
            "Reasoning": "none",
            "ReconciledId": 9,
            "RefID_AI": "AIR-09",
            "Reference Invoice Number": "6305530787",
            "Tag": "Unmatched"
        },
        {
            "AIMatchTypeId": "1",
            "AccountingString": "none",
            "Amount in Doc Currency": "237574.29",
            "Comments": "none",
            "Confidence": "1.0",
            "Doc Currency": "EUR",
            "Owner": "null",
            "Ready for JE": 0,
            "Reasoning": "none",
            "ReconciledId": 10,
            "RefID_AI": "AIR-07",
            "Reference Invoice Number": "6305530788",
            "Tag": "Unmatched"
        },
        {
            "AIMatchTypeId": "1",
            "AccountingString": "none",
            "Amount in Doc Currency": "492001.27",
            "Comments": "none",
            "Confidence": "1.0",
            "Doc Currency": "EUR",
            "Owner": "null",
            "Ready for JE": 0,
            "Reasoning": "none",
            "ReconciledId": 11,
            "RefID_AI": "AIR-06",
            "Reference Invoice Number": "6305530789",
            "Tag": "Unmatched"
        },
        {
            "AIMatchTypeId": "3",
            "AccountingString": "none",
            "Amount in Doc Currency": "86242.93",
            "Comments": "none",
            "Confidence": "0.9",
            "Doc Currency": "EUR",
            "Owner": "null",
            "Ready for JE": 0,
            "Reasoning": "none",
            "ReconciledId": 12,
            "RefID_AI": "AIR-10",
            "Reference Invoice Number": "6305502665",
            "Tag": "Unmatched"
        }
    ]
}
