{
    "PrimaryData": [
        {
            "AIMatchTypeId": "3",
            "AccountingString": "none",
            "Comments": "none",
            "Confidence": 0,
            "Owner": "",
            "Ready for JE": 0,
            "Reasoning": "none",
            "ReconciledId": 19,
            "RefID_AI": "AIR-06",
            "Tag": "Unmatched"
        },
        {
            "AIMatchTypeId": "3",
            "AccountingString": "none",
            "Comments": "none",
            "Confidence": 0,
            "Owner": "",
            "Ready for JE": 0,
            "Reasoning": "none",
            "ReconciledId": 15,
            "RefID_AI": "none",
            "Tag": "Unmatched"
        },
        {
            "AIMatchTypeId": "3",
            "AccountingString": "none",
            "Comments": "none",
            "Confidence": 0,
            "Owner": "",
            "Ready for JE": 0,
            "Reasoning": "none",
            "ReconciledId": 18,
            "RefID_AI": "AIR-07",
            "Tag": "Unmatched"
        },
        {
            "AIMatchTypeId": "3",
            "AccountingString": "none",
            "Comments": "none",
            "Confidence": 0,
            "Owner": "",
            "Ready for JE": 0,
            "Reasoning": "none",
            "ReconciledId": 16,
            "RefID_AI": "none",
            "Tag": "Unmatched"
        },
        {
            "AIMatchTypeId": "8",
            "AccountingString": "none",
            "Comments": "none",
            "Confidence": 0,
            "Owner": "",
            "Ready for JE": 0,
            "Reasoning": {
                "CompanyName": "",
                "OrderNo": "",
                "ReferenceNo": "Ref007973630"
            },
            "ReconciledId": 13,
            "RefID_AI": "AIR-02",
            "Tag": "Unmatched"
        },
        {
            "AIMatchTypeId": "8",
            "AccountingString": "none",
            "Comments": "none",
            "Confidence": 0,
            "Owner": "",
            "Ready for JE": 0,
            "Reasoning": {
                "CompanyName": "Regal",
                "OrderNo": "Ord89772",
                "ReferenceNo": ""
            },
            "ReconciledId": 17,
            "RefID_AI": "AIR-01",
            "Tag": "Unmatched"
        }
    ],
    "SecondaryData": [
        {
            "AIMatchTypeId": "3",
            "AccountingString": "none",
            "Comments": "none",
            "Confidence": 0,
            "Owner": "",
            "Ready for JE": 0,
            "Reasoning": "none",
            "ReconciledId": 24,
            "RefID_AI": "AIR-07",
            "Tag": "Unmatched"
        },
        {
            "AIMatchTypeId": "3",
            "AccountingString": "none",
            "Comments": "none",
            "Confidence": 0,
            "Owner": "",
            "Ready for JE": 0,
            "Reasoning": "none",
            "ReconciledId": 35,
            "RefID_AI": "none",
            "Tag": "Unmatched"
        },
        {
            "AIMatchTypeId": "3",
            "AccountingString": "none",
            "Comments": "none",
            "Confidence": 0,
            "Owner": "",
            "Ready for JE": 0,
            "Reasoning": "none",
            "ReconciledId": 46,
            "RefID_AI": "none",
            "Tag": "Unmatched"
        },
        {
            "AIMatchTypeId": "3",
            "AccountingString": "none",
            "Comments": "none",
            "Confidence": 0,
            "Owner": "",
            "Ready for JE": 0,
            "Reasoning": "none",
            "ReconciledId": 85,
            "RefID_AI": "none",
            "Tag": "Unmatched"
        },
        {
            "AIMatchTypeId": "3",
            "AccountingString": "none",
            "Comments": "none",
            "Confidence": 0,
            "Owner": "",
            "Ready for JE": 0,
            "Reasoning": "none",
            "ReconciledId": 92,
            "RefID_AI": "none",
            "Tag": "Unmatched"
        },
        {
            "AIMatchTypeId": "3",
            "AccountingString": "none",
            "Comments": "none",
            "Confidence": 0,
            "Owner": "",
            "Ready for JE": 0,
            "Reasoning": "none",
            "ReconciledId": 111,
            "RefID_AI": "none",
            "Tag": "Unmatched"
        },
        {
            "AIMatchTypeId": "3",
            "AccountingString": "none",
            "Comments": "none",
            "Confidence": 0,
            "Owner": "",
            "Ready for JE": 0,
            "Reasoning": "none",
            "ReconciledId": 119,
            "RefID_AI": "none",
            "Tag": "Unmatched"
        },
        {
            "AIMatchTypeId": "3",
            "AccountingString": "none",
            "Comments": "none",
            "Confidence": 0,
            "Owner": "",
            "Ready for JE": 0,
            "Reasoning": "none",
            "ReconciledId": 120,
            "RefID_AI": "AIR-06",
            "Tag": "Unmatched"
        },
        {
            "AIMatchTypeId": "3",
            "AccountingString": "none",
            "Comments": "none",
            "Confidence": 0,
            "Owner": "",
            "Ready for JE": 0,
            "Reasoning": "none",
            "ReconciledId": 127,
            "RefID_AI": "AIR-06",
            "Tag": "Unmatched"
        },
        {
            "AIMatchTypeId": "3",
            "AccountingString": "none",
            "Comments": "none",
            "Confidence": 0,
            "Owner": "",
            "Ready for JE": 0,
            "Reasoning": "none",
            "ReconciledId": 134,
            "RefID_AI": "none",
            "Tag": "Unmatched"
        },
        {
            "AIMatchTypeId": "3",
            "AccountingString": "none",
            "Comments": "none",
            "Confidence": 0,
            "Owner": "",
            "Ready for JE": 0,
            "Reasoning": "none",
            "ReconciledId": 135,
            "RefID_AI": "none",
            "Tag": "Unmatched"
        },
        {
            "AIMatchTypeId": "3",
            "AccountingString": "none",
            "Comments": "none",
            "Confidence": 0,
            "Owner": "",
            "Ready for JE": 0,
            "Reasoning": "none",
            "ReconciledId": 140,
            "RefID_AI": "AIR-06",
            "Tag": "Unmatched"
        },
        {
            "AIMatchTypeId": "3",
            "AccountingString": "none",
            "Comments": "none",
            "Confidence": 0,
            "Owner": "",
            "Ready for JE": 0,
            "Reasoning": "none",
            "ReconciledId": 149,
            "RefID_AI": "none",
            "Tag": "Unmatched"
        },
        {
            "AIMatchTypeId": "3",
            "AccountingString": "none",
            "Comments": "none",
            "Confidence": 0,
            "Owner": "",
            "Ready for JE": 0,
            "Reasoning": "none",
            "ReconciledId": 154,
            "RefID_AI": "AIR-06",
            "Tag": "Unmatched"
        },
        {
            "AIMatchTypeId": "3",
            "AccountingString": "none",
            "Comments": "none",
            "Confidence": 0,
            "Owner": "",
            "Ready for JE": 0,
            "Reasoning": "none",
            "ReconciledId": 156,
            "RefID_AI": "none",
            "Tag": "Unmatched"
        },
        {
            "AIMatchTypeId": "3",
            "AccountingString": "none",
            "Comments": "none",
            "Confidence": 0,
            "Owner": "",
            "Ready for JE": 0,
            "Reasoning": "none",
            "ReconciledId": 157,
            "RefID_AI": "none",
            "Tag": "Unmatched"
        },
        {
            "AIMatchTypeId": "3",
            "AccountingString": "none",
            "Comments": "none",
            "Confidence": 0,
            "Owner": "",
            "Ready for JE": 0,
            "Reasoning": "none",
            "ReconciledId": 167,
            "RefID_AI": "none",
            "Tag": "Unmatched"
        },
        {
            "AIMatchTypeId": "3",
            "AccountingString": "none",
            "Comments": "none",
            "Confidence": 0,
            "Owner": "",
            "Ready for JE": 0,
            "Reasoning": "none",
            "ReconciledId": 168,
            "RefID_AI": "none",
            "Tag": "Unmatched"
        },
        {
            "AIMatchTypeId": "3",
            "AccountingString": "none",
            "Comments": "none",
            "Confidence": 0,
            "Owner": "",
            "Ready for JE": 0,
            "Reasoning": "none",
            "ReconciledId": 170,
            "RefID_AI": "none",
            "Tag": "Unmatched"
        },
        {
            "AIMatchTypeId": "3",
            "AccountingString": "none",
            "Comments": "none",
            "Confidence": 0,
            "Owner": "",
            "Ready for JE": 0,
            "Reasoning": "none",
            "ReconciledId": 174,
            "RefID_AI": "none",
            "Tag": "Unmatched"
        },
        {
            "AIMatchTypeId": "3",
            "AccountingString": "none",
            "Comments": "none",
            "Confidence": 0,
            "Owner": "",
            "Ready for JE": 0,
            "Reasoning": "none",
            "ReconciledId": 183,
            "RefID_AI": "none",
            "Tag": "Unmatched"
        },
        {
            "AIMatchTypeId": "3",
            "AccountingString": "none",
            "Comments": "none",
            "Confidence": 0,
            "Owner": "",
            "Ready for JE": 0,
            "Reasoning": "none",
            "ReconciledId": 186,
            "RefID_AI": "none",
            "Tag": "Unmatched"
        },
        {
            "AIMatchTypeId": "3",
            "AccountingString": "none",
            "Comments": "none",
            "Confidence": 0,
            "Owner": "",
            "Ready for JE": 0,
            "Reasoning": "none",
            "ReconciledId": 189,
            "RefID_AI": "none",
            "Tag": "Unmatched"
        },
        {
            "AIMatchTypeId": "3",
            "AccountingString": "none",
            "Comments": "none",
            "Confidence": 0,
            "Owner": "",
            "Ready for JE": 0,
            "Reasoning": "none",
            "ReconciledId": 197,
            "RefID_AI": "none",
            "Tag": "Unmatched"
        },
        {
            "AIMatchTypeId": "3",
            "AccountingString": "none",
            "Comments": "none",
            "Confidence": 0,
            "Owner": "",
            "Ready for JE": 0,
            "Reasoning": "none",
            "ReconciledId": 204,
            "RefID_AI": "none",
            "Tag": "Unmatched"
        },
        {
            "AIMatchTypeId": "3",
            "AccountingString": "none",
            "Comments": "none",
            "Confidence": 0,
            "Owner": "",
            "Ready for JE": 0,
            "Reasoning": "none",
            "ReconciledId": 205,
            "RefID_AI": "none",
            "Tag": "Unmatched"
        },
        {
            "AIMatchTypeId": "3",
            "AccountingString": "none",
            "Comments": "none",
            "Confidence": 0,
            "Owner": "",
            "Ready for JE": 0,
            "Reasoning": "none",
            "ReconciledId": 213,
            "RefID_AI": "none",
            "Tag": "Unmatched"
        },
        {
            "AIMatchTypeId": "3",
            "AccountingString": "none",
            "Comments": "none",
            "Confidence": 0,
            "Owner": "",
            "Ready for JE": 0,
            "Reasoning": "none",
            "ReconciledId": 232,
            "RefID_AI": "none",
            "Tag": "Unmatched"
        },
        {
            "AIMatchTypeId": "3",
            "AccountingString": "none",
            "Comments": "none",
            "Confidence": 0,
            "Owner": "",
            "Ready for JE": 0,
            "Reasoning": "none",
            "ReconciledId": 239,
            "RefID_AI": "none",
            "Tag": "Unmatched"
        },
        {
            "AIMatchTypeId": "3",
            "AccountingString": "none",
            "Comments": "none",
            "Confidence": 0,
            "Owner": "",
            "Ready for JE": 0,
            "Reasoning": "none",
            "ReconciledId": 277,
            "RefID_AI": "none",
            "Tag": "Unmatched"
        },
        {
            "AIMatchTypeId": "3",
            "AccountingString": "none",
            "Comments": "none",
            "Confidence": 0,
            "Owner": "",
            "Ready for JE": 0,
            "Reasoning": "none",
            "ReconciledId": 288,
            "RefID_AI": "none",
            "Tag": "Unmatched"
        },
        {
            "AIMatchTypeId": "3",
            "AccountingString": "none",
            "Comments": "none",
            "Confidence": 0,
            "Owner": "",
            "Ready for JE": 0,
            "Reasoning": "none",
            "ReconciledId": 299,
            "RefID_AI": "none",
            "Tag": "Unmatched"
        },
        {
            "AIMatchTypeId": "3",
            "AccountingString": "none",
            "Comments": "none",
            "Confidence": 0,
            "Owner": "",
            "Ready for JE": 0,
            "Reasoning": "none",
            "ReconciledId": 300,
            "RefID_AI": "none",
            "Tag": "Unmatched"
        },
        {
            "AIMatchTypeId": "3",
            "AccountingString": "none",
            "Comments": "none",
            "Confidence": 0,
            "Owner": "",
            "Ready for JE": 0,
            "Reasoning": "none",
            "ReconciledId": 320,
            "RefID_AI": "none",
            "Tag": "Unmatched"
        },
        {
            "AIMatchTypeId": "3",
            "AccountingString": "none",
            "Comments": "none",
            "Confidence": 0,
            "Owner": "",
            "Ready for JE": 0,
            "Reasoning": "none",
            "ReconciledId": 331,
            "RefID_AI": "none",
            "Tag": "Unmatched"
        },
        {
            "AIMatchTypeId": "8",
            "AccountingString": "none",
            "Comments": "none",
            "Confidence": 0,
            "Owner": "",
            "Ready for JE": 0,
            "Reasoning": {
                "CompanyName": "Regal",
                "OrderNo": "Ord89772",
                "ReferenceNo": ""
            },
            "ReconciledId": 3,
            "RefID_AI": "AIR-01",
            "Tag": "Unmatched"
        },
        {
            "AIMatchTypeId": "8",
            "AccountingString": "none",
            "Comments": "none",
            "Confidence": 0,
            "Owner": "",
            "Ready for JE": 0,
            "Reasoning": {
                "CompanyName": "",
                "OrderNo": "",
                "ReferenceNo": "Ref007973630"
            },
            "ReconciledId": 23,
            "RefID_AI": "AIR-02",
            "Tag": "Unmatched"
        }
    ]
}
